,frameNo,topLeft,bottomRight
0,0,"(420, 330)","(610, 455)"
0,0,"(462, 117)","(652, 242)"
0,0,"(88, 243)","(278, 368)"
0,0,"(185, 427)","(375, 552)"
0,0,"(834, 377)","(1024, 502)"
0,0,"(626, 352)","(816, 477)"
0,1,"(576, 0)","(766, 125)"
0,1,"(576, 0)","(766, 125)"
0,1,"(133, 268)","(323, 393)"
0,1,"(133, 268)","(323, 393)"
0,1,"(133, 268)","(323, 393)"
0,1,"(133, 268)","(323, 393)"
0,2,"(1090, 0)","(1280, 125)"
0,2,"(1090, 0)","(1280, 125)"
0,2,"(181, 292)","(371, 417)"
0,2,"(181, 292)","(371, 417)"
0,2,"(181, 292)","(371, 417)"
0,2,"(181, 292)","(371, 417)"
0,3,"(1090, 0)","(1280, 125)"
0,3,"(1090, 0)","(1280, 125)"
0,3,"(234, 318)","(424, 443)"
0,3,"(234, 318)","(424, 443)"
0,3,"(234, 318)","(424, 443)"
0,3,"(234, 318)","(424, 443)"
0,4,"(1090, 0)","(1280, 125)"
0,4,"(1090, 0)","(1280, 125)"
0,4,"(246, 327)","(436, 452)"
0,4,"(246, 327)","(436, 452)"
0,4,"(246, 327)","(436, 452)"
0,4,"(246, 327)","(436, 452)"
0,5,"(1090, 1)","(1280, 126)"
0,5,"(1090, 1)","(1280, 126)"
0,5,"(247, 313)","(437, 438)"
0,5,"(247, 313)","(437, 438)"
0,5,"(247, 313)","(437, 438)"
0,5,"(247, 313)","(437, 438)"
0,6,"(583, 3)","(773, 128)"
0,6,"(583, 3)","(773, 128)"
0,6,"(510, 444)","(700, 569)"
0,6,"(510, 444)","(700, 569)"
0,6,"(510, 444)","(700, 569)"
0,6,"(510, 444)","(700, 569)"
0,7,"(636, 3)","(826, 128)"
0,7,"(636, 3)","(826, 128)"
0,7,"(487, 443)","(677, 568)"
0,7,"(487, 443)","(677, 568)"
0,7,"(487, 443)","(677, 568)"
0,7,"(487, 443)","(677, 568)"
0,8,"(533, 3)","(723, 128)"
0,8,"(533, 3)","(723, 128)"
0,8,"(494, 444)","(684, 569)"
0,8,"(494, 444)","(684, 569)"
0,8,"(494, 444)","(684, 569)"
0,8,"(494, 444)","(684, 569)"
0,9,"(557, 3)","(747, 128)"
0,9,"(557, 3)","(747, 128)"
0,9,"(536, 457)","(726, 582)"
0,9,"(536, 457)","(726, 582)"
0,9,"(536, 457)","(726, 582)"
0,9,"(536, 457)","(726, 582)"
0,10,"(561, 3)","(751, 128)"
0,10,"(561, 3)","(751, 128)"
0,10,"(100, 234)","(290, 359)"
0,10,"(100, 234)","(290, 359)"
0,10,"(100, 234)","(290, 359)"
0,10,"(100, 234)","(290, 359)"
0,11,"(573, 1)","(763, 126)"
0,11,"(573, 1)","(763, 126)"
0,11,"(153, 258)","(343, 383)"
0,11,"(153, 258)","(343, 383)"
0,11,"(153, 258)","(343, 383)"
0,11,"(153, 258)","(343, 383)"
0,12,"(573, 1)","(763, 126)"
0,12,"(573, 1)","(763, 126)"
0,12,"(209, 284)","(399, 409)"
0,12,"(209, 284)","(399, 409)"
0,12,"(209, 284)","(399, 409)"
0,12,"(209, 284)","(399, 409)"
0,13,"(573, 0)","(763, 125)"
0,13,"(573, 0)","(763, 125)"
0,13,"(261, 307)","(451, 432)"
0,13,"(261, 307)","(451, 432)"
0,13,"(261, 307)","(451, 432)"
0,13,"(261, 307)","(451, 432)"
0,14,"(589, 2)","(779, 127)"
0,14,"(589, 2)","(779, 127)"
0,14,"(18, 181)","(208, 306)"
0,14,"(18, 181)","(208, 306)"
0,14,"(18, 181)","(208, 306)"
0,14,"(18, 181)","(208, 306)"
0,15,"(565, 3)","(755, 128)"
0,15,"(565, 3)","(755, 128)"
0,15,"(69, 203)","(259, 328)"
0,15,"(69, 203)","(259, 328)"
0,15,"(69, 203)","(259, 328)"
0,15,"(69, 203)","(259, 328)"
0,16,"(573, 3)","(763, 128)"
0,16,"(573, 3)","(763, 128)"
0,16,"(124, 228)","(314, 353)"
0,16,"(124, 228)","(314, 353)"
0,16,"(124, 228)","(314, 353)"
0,16,"(124, 228)","(314, 353)"
0,17,"(543, 0)","(733, 125)"
0,17,"(543, 0)","(733, 125)"
0,17,"(174, 252)","(364, 377)"
0,17,"(174, 252)","(364, 377)"
0,17,"(174, 252)","(364, 377)"
0,17,"(174, 252)","(364, 377)"
0,18,"(562, 0)","(754, 127)"
0,18,"(562, 1)","(754, 128)"
0,18,"(226, 275)","(418, 402)"
0,18,"(226, 275)","(418, 402)"
0,18,"(226, 275)","(418, 402)"
0,18,"(226, 275)","(418, 402)"
0,19,"(585, 3)","(777, 130)"
0,19,"(585, 3)","(777, 130)"
0,19,"(282, 299)","(474, 426)"
0,19,"(282, 299)","(474, 426)"
0,19,"(282, 299)","(474, 426)"
0,19,"(282, 299)","(474, 426)"
0,20,"(613, 2)","(807, 131)"
0,20,"(613, 3)","(807, 132)"
0,20,"(292, 302)","(486, 431)"
0,20,"(292, 302)","(486, 431)"
0,20,"(292, 302)","(486, 431)"
0,20,"(292, 302)","(486, 431)"
0,21,"(616, 0)","(810, 129)"
0,21,"(616, 0)","(810, 129)"
0,21,"(296, 303)","(490, 432)"
0,21,"(296, 303)","(490, 432)"
0,21,"(296, 303)","(490, 432)"
0,21,"(296, 303)","(490, 432)"
0,22,"(630, 0)","(826, 131)"
0,22,"(630, 1)","(826, 132)"
0,22,"(0, 149)","(196, 280)"
0,22,"(0, 149)","(196, 280)"
0,22,"(0, 149)","(196, 280)"
0,22,"(0, 149)","(196, 280)"
0,23,"(654, 3)","(850, 134)"
0,23,"(654, 3)","(850, 134)"
0,23,"(8, 149)","(204, 280)"
0,23,"(8, 149)","(204, 280)"
0,23,"(8, 149)","(204, 280)"
0,23,"(8, 149)","(204, 280)"
0,24,"(661, 2)","(859, 135)"
0,24,"(661, 3)","(859, 136)"
0,24,"(545, 419)","(743, 552)"
0,24,"(545, 419)","(743, 552)"
0,24,"(545, 419)","(743, 552)"
0,24,"(545, 419)","(743, 552)"
0,25,"(708, 2)","(906, 135)"
0,25,"(708, 2)","(906, 135)"
0,25,"(581, 435)","(779, 568)"
0,25,"(581, 435)","(779, 568)"
0,25,"(581, 435)","(779, 568)"
0,25,"(581, 435)","(779, 568)"
0,26,"(693, 3)","(893, 138)"
0,26,"(693, 3)","(893, 138)"
0,26,"(613, 447)","(813, 582)"
0,26,"(613, 447)","(813, 582)"
0,26,"(613, 447)","(813, 582)"
0,26,"(613, 447)","(813, 582)"
0,27,"(725, 1)","(925, 136)"
0,27,"(725, 1)","(925, 136)"
0,27,"(623, 447)","(823, 582)"
0,27,"(623, 447)","(823, 582)"
0,27,"(623, 447)","(823, 582)"
0,27,"(623, 447)","(823, 582)"
0,28,"(693, 1)","(893, 136)"
0,28,"(693, 1)","(893, 136)"
0,28,"(274, 267)","(474, 402)"
0,28,"(274, 267)","(474, 402)"
0,28,"(274, 267)","(474, 402)"
0,28,"(274, 267)","(474, 402)"
0,29,"(682, 3)","(882, 138)"
0,29,"(682, 3)","(882, 138)"
0,29,"(310, 283)","(510, 418)"
0,29,"(310, 283)","(510, 418)"
0,29,"(310, 283)","(510, 418)"
0,29,"(310, 283)","(510, 418)"
0,30,"(647, 3)","(847, 138)"
0,30,"(647, 3)","(847, 138)"
0,30,"(314, 283)","(514, 418)"
0,30,"(314, 283)","(514, 418)"
0,30,"(314, 283)","(514, 418)"
0,30,"(314, 283)","(514, 418)"
0,31,"(653, 3)","(853, 138)"
0,31,"(653, 3)","(853, 138)"
0,31,"(0, 123)","(200, 258)"
0,31,"(0, 123)","(200, 258)"
0,31,"(0, 123)","(200, 258)"
0,31,"(0, 123)","(200, 258)"
0,32,"(701, 3)","(901, 138)"
0,32,"(701, 3)","(901, 138)"
0,32,"(2, 123)","(202, 258)"
0,32,"(2, 123)","(202, 258)"
0,32,"(2, 123)","(202, 258)"
0,32,"(2, 123)","(202, 258)"
0,33,"(717, 3)","(917, 138)"
0,33,"(717, 3)","(917, 138)"
0,33,"(19, 131)","(219, 266)"
0,33,"(19, 131)","(219, 266)"
0,33,"(19, 131)","(219, 266)"
0,33,"(19, 131)","(219, 266)"
0,34,"(714, 3)","(914, 138)"
0,34,"(714, 3)","(914, 138)"
0,34,"(69, 155)","(269, 290)"
0,34,"(69, 155)","(269, 290)"
0,34,"(69, 155)","(269, 290)"
0,34,"(69, 155)","(269, 290)"
0,35,"(746, 3)","(946, 138)"
0,35,"(746, 3)","(946, 138)"
0,35,"(613, 427)","(813, 562)"
0,35,"(613, 427)","(813, 562)"
0,35,"(613, 427)","(813, 562)"
0,35,"(613, 427)","(813, 562)"
0,36,"(672, 3)","(872, 138)"
0,36,"(672, 3)","(872, 138)"
0,36,"(659, 447)","(859, 582)"
0,36,"(659, 447)","(859, 582)"
0,36,"(659, 447)","(859, 582)"
0,36,"(659, 447)","(859, 582)"
0,37,"(677, 3)","(877, 138)"
0,37,"(677, 3)","(877, 138)"
0,37,"(243, 235)","(443, 370)"
0,37,"(243, 235)","(443, 370)"
0,37,"(243, 235)","(443, 370)"
0,37,"(243, 235)","(443, 370)"
0,38,"(725, 3)","(925, 138)"
0,38,"(725, 3)","(925, 138)"
0,38,"(327, 275)","(527, 410)"
0,38,"(327, 275)","(527, 410)"
0,38,"(327, 275)","(527, 410)"
0,38,"(327, 275)","(527, 410)"
0,39,"(733, 3)","(933, 138)"
0,39,"(733, 3)","(933, 138)"
0,39,"(328, 275)","(528, 410)"
0,39,"(328, 275)","(528, 410)"
0,39,"(328, 275)","(528, 410)"
0,39,"(328, 275)","(528, 410)"
0,40,"(757, 3)","(957, 138)"
0,40,"(757, 3)","(957, 138)"
0,40,"(330, 275)","(530, 410)"
0,40,"(330, 275)","(530, 410)"
0,40,"(330, 275)","(530, 410)"
0,40,"(330, 275)","(530, 410)"
0,41,"(749, 3)","(949, 138)"
0,41,"(749, 3)","(949, 138)"
0,41,"(334, 275)","(534, 410)"
0,41,"(334, 275)","(534, 410)"
0,41,"(334, 275)","(534, 410)"
0,41,"(334, 275)","(534, 410)"
0,42,"(736, 3)","(936, 138)"
0,42,"(736, 3)","(936, 138)"
0,42,"(587, 400)","(787, 535)"
0,42,"(587, 400)","(787, 535)"
0,42,"(587, 400)","(787, 535)"
0,42,"(587, 400)","(787, 535)"
0,43,"(766, 3)","(966, 138)"
0,43,"(766, 3)","(966, 138)"
0,43,"(589, 400)","(789, 535)"
0,43,"(589, 400)","(789, 535)"
0,43,"(589, 400)","(789, 535)"
0,43,"(589, 400)","(789, 535)"
0,44,"(741, 2)","(943, 139)"
0,44,"(741, 2)","(943, 139)"
0,44,"(588, 400)","(790, 537)"
0,44,"(588, 400)","(790, 537)"
0,44,"(588, 400)","(790, 537)"
0,44,"(588, 400)","(790, 537)"
0,45,"(773, 3)","(975, 140)"
0,45,"(773, 3)","(975, 140)"
0,45,"(680, 445)","(882, 582)"
0,45,"(680, 445)","(882, 582)"
0,45,"(680, 445)","(882, 582)"
0,45,"(680, 445)","(882, 582)"
0,46,"(757, 3)","(961, 142)"
0,46,"(757, 3)","(961, 142)"
0,46,"(679, 443)","(883, 582)"
0,46,"(679, 443)","(883, 582)"
0,46,"(679, 443)","(883, 582)"
0,46,"(679, 443)","(883, 582)"
0,47,"(797, 3)","(1001, 142)"
0,47,"(797, 3)","(1001, 142)"
0,47,"(682, 443)","(886, 582)"
0,47,"(682, 443)","(886, 582)"
0,47,"(682, 443)","(886, 582)"
0,47,"(682, 443)","(886, 582)"
0,48,"(772, 2)","(978, 143)"
0,48,"(772, 2)","(978, 143)"
0,48,"(680, 441)","(886, 582)"
0,48,"(680, 441)","(886, 582)"
0,48,"(680, 441)","(886, 582)"
0,48,"(680, 441)","(886, 582)"
0,49,"(765, 3)","(971, 144)"
0,49,"(765, 3)","(971, 144)"
0,49,"(22, 110)","(228, 251)"
0,49,"(22, 110)","(228, 251)"
0,49,"(22, 110)","(228, 251)"
0,49,"(22, 110)","(228, 251)"
0,50,"(789, 2)","(997, 145)"
0,50,"(789, 2)","(997, 145)"
0,50,"(0, 402)","(208, 545)"
0,50,"(789, 2)","(997, 145)"
0,50,"(789, 2)","(997, 145)"
0,50,"(789, 2)","(997, 145)"
0,51,"(781, 1)","(989, 144)"
0,51,"(781, 1)","(989, 144)"
0,51,"(0, 395)","(208, 538)"
0,51,"(781, 1)","(989, 144)"
0,51,"(781, 1)","(989, 144)"
0,51,"(781, 1)","(989, 144)"
0,52,"(781, 0)","(991, 145)"
0,52,"(781, 0)","(991, 145)"
0,52,"(3, 403)","(213, 548)"
0,52,"(781, 0)","(991, 145)"
0,52,"(781, 0)","(991, 145)"
0,52,"(781, 0)","(991, 145)"
0,53,"(781, 0)","(991, 145)"
0,53,"(781, 0)","(991, 145)"
0,53,"(16, 410)","(226, 555)"
0,53,"(781, 0)","(991, 145)"
0,53,"(781, 0)","(991, 145)"
0,53,"(781, 0)","(991, 145)"
0,54,"(781, 0)","(991, 145)"
0,54,"(781, 0)","(991, 145)"
0,54,"(80, 437)","(290, 582)"
0,54,"(781, 0)","(991, 145)"
0,54,"(781, 0)","(991, 145)"
0,54,"(781, 0)","(991, 145)"
0,55,"(778, 0)","(988, 145)"
0,55,"(778, 0)","(988, 145)"
0,55,"(292, 249)","(502, 394)"
0,55,"(778, 0)","(988, 145)"
0,55,"(778, 0)","(988, 145)"
0,55,"(778, 0)","(988, 145)"
0,56,"(783, 0)","(993, 145)"
0,56,"(783, 0)","(993, 145)"
0,56,"(339, 273)","(549, 418)"
0,56,"(783, 0)","(993, 145)"
0,56,"(783, 0)","(993, 145)"
0,56,"(783, 0)","(993, 145)"
0,57,"(783, 0)","(993, 145)"
0,57,"(783, 0)","(993, 145)"
0,57,"(109, 154)","(319, 299)"
0,57,"(783, 0)","(993, 145)"
0,57,"(783, 0)","(993, 145)"
0,57,"(783, 0)","(993, 145)"
0,58,"(785, 0)","(995, 145)"
0,58,"(785, 0)","(995, 145)"
0,58,"(140, 175)","(350, 320)"
0,58,"(785, 0)","(995, 145)"
0,58,"(785, 0)","(995, 145)"
0,58,"(785, 0)","(995, 145)"
0,59,"(790, 0)","(1000, 145)"
0,59,"(790, 0)","(1000, 145)"
0,59,"(197, 204)","(407, 349)"
0,59,"(790, 0)","(1000, 145)"
0,59,"(790, 0)","(1000, 145)"
0,59,"(790, 0)","(1000, 145)"
0,60,"(798, 0)","(1008, 145)"
0,60,"(798, 0)","(1008, 145)"
0,60,"(557, 389)","(767, 534)"
0,60,"(798, 0)","(1008, 145)"
0,60,"(798, 0)","(1008, 145)"
0,60,"(798, 0)","(1008, 145)"
0,61,"(807, 0)","(1019, 147)"
0,61,"(807, 0)","(1019, 147)"
0,61,"(593, 407)","(805, 554)"
0,61,"(807, 0)","(1019, 147)"
0,61,"(807, 0)","(1019, 147)"
0,61,"(807, 0)","(1019, 147)"
0,62,"(812, 0)","(1024, 147)"
0,62,"(812, 0)","(1024, 147)"
0,62,"(645, 432)","(857, 579)"
0,62,"(812, 0)","(1024, 147)"
0,62,"(812, 0)","(1024, 147)"
0,62,"(812, 0)","(1024, 147)"
0,63,"(819, 0)","(1033, 149)"
0,63,"(819, 0)","(1033, 149)"
0,63,"(0, 105)","(214, 254)"
0,63,"(819, 0)","(1033, 149)"
0,63,"(819, 0)","(1033, 149)"
0,63,"(819, 0)","(1033, 149)"
0,64,"(827, 0)","(1041, 149)"
0,64,"(827, 0)","(1041, 149)"
0,64,"(0, 102)","(214, 251)"
0,64,"(827, 0)","(1041, 149)"
0,64,"(827, 0)","(1041, 149)"
0,64,"(827, 0)","(1041, 149)"
0,65,"(836, 0)","(1050, 149)"
0,65,"(836, 0)","(1050, 149)"
0,65,"(30, 116)","(244, 265)"
0,65,"(836, 0)","(1050, 149)"
0,65,"(836, 0)","(1050, 149)"
0,65,"(836, 0)","(1050, 149)"
0,66,"(844, 0)","(1058, 149)"
0,66,"(844, 0)","(1058, 149)"
0,66,"(77, 140)","(291, 289)"
0,66,"(844, 0)","(1058, 149)"
0,66,"(844, 0)","(1058, 149)"
0,66,"(844, 0)","(1058, 149)"
0,67,"(848, 0)","(1062, 149)"
0,67,"(848, 0)","(1062, 149)"
0,67,"(124, 166)","(338, 315)"
0,67,"(848, 0)","(1062, 149)"
0,67,"(848, 0)","(1062, 149)"
0,67,"(848, 0)","(1062, 149)"
0,68,"(856, 0)","(1070, 149)"
0,68,"(856, 0)","(1070, 149)"
0,68,"(645, 433)","(859, 582)"
0,68,"(856, 0)","(1070, 149)"
0,68,"(856, 0)","(1070, 149)"
0,68,"(856, 0)","(1070, 149)"
0,69,"(867, 0)","(1081, 149)"
0,69,"(867, 0)","(1081, 149)"
0,69,"(230, 220)","(444, 369)"
0,69,"(867, 0)","(1081, 149)"
0,69,"(867, 0)","(1081, 149)"
0,69,"(867, 0)","(1081, 149)"
0,70,"(878, 0)","(1092, 149)"
0,70,"(878, 0)","(1092, 149)"
0,70,"(277, 243)","(491, 392)"
0,70,"(878, 0)","(1092, 149)"
0,70,"(878, 0)","(1092, 149)"
0,70,"(878, 0)","(1092, 149)"
0,71,"(886, 0)","(1100, 149)"
0,71,"(886, 0)","(1100, 149)"
0,71,"(330, 271)","(544, 420)"
0,71,"(886, 0)","(1100, 149)"
0,71,"(886, 0)","(1100, 149)"
0,71,"(886, 0)","(1100, 149)"
0,72,"(894, 0)","(1108, 149)"
0,72,"(894, 0)","(1108, 149)"
0,72,"(344, 280)","(558, 429)"
0,72,"(894, 0)","(1108, 149)"
0,72,"(894, 0)","(1108, 149)"
0,72,"(894, 0)","(1108, 149)"
0,73,"(903, 0)","(1117, 149)"
0,73,"(903, 0)","(1117, 149)"
0,73,"(590, 409)","(804, 558)"
0,73,"(903, 0)","(1117, 149)"
0,73,"(903, 0)","(1117, 149)"
0,73,"(903, 0)","(1117, 149)"
0,74,"(916, 0)","(1130, 149)"
0,74,"(916, 0)","(1130, 149)"
0,74,"(536, 394)","(750, 543)"
0,74,"(916, 0)","(1130, 149)"
0,74,"(916, 0)","(1130, 149)"
0,74,"(916, 0)","(1130, 149)"
0,75,"(929, 0)","(1143, 149)"
0,75,"(929, 0)","(1143, 149)"
0,75,"(563, 394)","(777, 543)"
0,75,"(929, 0)","(1143, 149)"
0,75,"(929, 0)","(1143, 149)"
0,75,"(929, 0)","(1143, 149)"
0,76,"(937, 0)","(1151, 149)"
0,76,"(937, 0)","(1151, 149)"
0,76,"(607, 414)","(821, 563)"
0,76,"(937, 0)","(1151, 149)"
0,76,"(937, 0)","(1151, 149)"
0,76,"(937, 0)","(1151, 149)"
0,77,"(946, 0)","(1160, 149)"
0,77,"(946, 0)","(1160, 149)"
0,77,"(653, 433)","(867, 582)"
0,77,"(946, 0)","(1160, 149)"
0,77,"(946, 0)","(1160, 149)"
0,77,"(946, 0)","(1160, 149)"
0,78,"(959, 0)","(1173, 149)"
0,78,"(959, 0)","(1173, 149)"
0,78,"(78, 150)","(292, 299)"
0,78,"(959, 0)","(1173, 149)"
0,78,"(959, 0)","(1173, 149)"
0,78,"(959, 0)","(1173, 149)"
0,79,"(974, 0)","(1188, 149)"
0,79,"(974, 0)","(1188, 149)"
0,79,"(161, 189)","(375, 338)"
0,79,"(974, 0)","(1188, 149)"
0,79,"(974, 0)","(1188, 149)"
0,79,"(974, 0)","(1188, 149)"
0,80,"(985, 0)","(1199, 149)"
0,80,"(985, 0)","(1199, 149)"
0,80,"(214, 218)","(428, 367)"
0,80,"(985, 0)","(1199, 149)"
0,80,"(985, 0)","(1199, 149)"
0,80,"(985, 0)","(1199, 149)"
0,81,"(994, 0)","(1208, 149)"
0,81,"(994, 0)","(1208, 149)"
0,81,"(276, 251)","(490, 400)"
0,81,"(994, 0)","(1208, 149)"
0,81,"(994, 0)","(1208, 149)"
0,81,"(994, 0)","(1208, 149)"
0,82,"(1010, 0)","(1224, 149)"
0,82,"(1010, 0)","(1224, 149)"
0,82,"(341, 283)","(555, 432)"
0,82,"(1010, 0)","(1224, 149)"
0,82,"(1010, 0)","(1224, 149)"
0,82,"(1010, 0)","(1224, 149)"
0,83,"(1026, 0)","(1242, 151)"
0,83,"(1026, 0)","(1242, 151)"
0,83,"(352, 295)","(568, 446)"
0,83,"(1026, 0)","(1242, 151)"
0,83,"(1026, 0)","(1242, 151)"
0,83,"(1026, 0)","(1242, 151)"
0,84,"(1039, 0)","(1255, 151)"
0,84,"(1039, 0)","(1255, 151)"
0,84,"(459, 368)","(675, 519)"
0,84,"(1039, 0)","(1255, 151)"
0,84,"(1039, 0)","(1255, 151)"
0,84,"(1039, 0)","(1255, 151)"
0,85,"(1052, 0)","(1270, 153)"
0,85,"(1052, 0)","(1270, 153)"
0,85,"(552, 397)","(770, 550)"
0,85,"(1052, 0)","(1270, 153)"
0,85,"(1052, 0)","(1270, 153)"
0,85,"(1052, 0)","(1270, 153)"
0,86,"(1062, 0)","(1280, 153)"
0,86,"(1062, 0)","(1280, 153)"
0,86,"(592, 414)","(810, 567)"
0,86,"(1062, 0)","(1280, 153)"
0,86,"(1062, 0)","(1280, 153)"
0,86,"(1062, 0)","(1280, 153)"
0,87,"(1060, 0)","(1280, 155)"
0,87,"(1060, 0)","(1280, 155)"
0,87,"(613, 427)","(833, 582)"
0,87,"(1060, 0)","(1280, 155)"
0,87,"(1060, 0)","(1280, 155)"
0,87,"(1060, 0)","(1280, 155)"
0,88,"(1060, 0)","(1280, 155)"
0,88,"(1060, 0)","(1280, 155)"
0,88,"(591, 427)","(811, 582)"
0,88,"(1060, 0)","(1280, 155)"
0,88,"(1060, 0)","(1280, 155)"
0,88,"(1060, 0)","(1280, 155)"
0,89,"(1058, 0)","(1280, 157)"
0,89,"(1058, 0)","(1280, 157)"
0,89,"(669, 400)","(891, 557)"
0,89,"(1058, 0)","(1280, 157)"
0,89,"(1058, 0)","(1280, 157)"
0,89,"(1058, 0)","(1280, 157)"
0,90,"(1058, 0)","(1280, 157)"
0,90,"(1058, 0)","(1280, 157)"
0,90,"(724, 406)","(946, 563)"
0,90,"(1058, 0)","(1280, 157)"
0,90,"(1058, 0)","(1280, 157)"
0,90,"(1058, 0)","(1280, 157)"
0,91,"(1056, 0)","(1280, 159)"
0,91,"(1056, 0)","(1280, 159)"
0,91,"(572, 401)","(796, 560)"
0,91,"(1056, 0)","(1280, 159)"
0,91,"(1056, 0)","(1280, 159)"
0,91,"(1056, 0)","(1280, 159)"
0,92,"(611, 0)","(835, 159)"
0,92,"(611, 0)","(835, 159)"
0,92,"(672, 423)","(896, 582)"
0,92,"(611, 0)","(835, 159)"
0,92,"(1056, 0)","(1280, 159)"
0,92,"(1056, 0)","(1280, 159)"
0,93,"(608, 0)","(834, 161)"
0,93,"(608, 0)","(834, 161)"
0,93,"(704, 416)","(930, 577)"
0,93,"(608, 0)","(834, 161)"
0,93,"(1054, 0)","(1280, 161)"
0,93,"(1054, 0)","(1280, 161)"
0,94,"(1054, 0)","(1280, 161)"
0,94,"(1054, 0)","(1280, 161)"
0,94,"(684, 406)","(910, 567)"
0,94,"(1054, 0)","(1280, 161)"
0,94,"(1054, 0)","(1280, 161)"
0,94,"(1054, 0)","(1280, 161)"
0,95,"(1054, 0)","(1280, 161)"
0,95,"(1054, 0)","(1280, 161)"
0,95,"(725, 414)","(951, 575)"
0,95,"(1054, 0)","(1280, 161)"
0,95,"(1054, 0)","(1280, 161)"
0,95,"(1054, 0)","(1280, 161)"
0,96,"(1054, 0)","(1280, 161)"
0,96,"(1054, 0)","(1280, 161)"
0,96,"(712, 415)","(938, 576)"
0,96,"(1054, 0)","(1280, 161)"
0,96,"(1054, 0)","(1280, 161)"
0,96,"(1054, 0)","(1280, 161)"
0,97,"(1054, 0)","(1280, 161)"
0,97,"(1054, 0)","(1280, 161)"
0,97,"(685, 411)","(911, 572)"
0,97,"(1054, 0)","(1280, 161)"
0,97,"(1054, 0)","(1280, 161)"
0,97,"(1054, 0)","(1280, 161)"
0,98,"(838, 0)","(1064, 161)"
0,98,"(838, 0)","(1064, 161)"
0,98,"(685, 415)","(911, 576)"
0,98,"(838, 0)","(1064, 161)"
0,98,"(838, 0)","(1064, 161)"
0,98,"(838, 0)","(1064, 161)"
0,99,"(847, 0)","(1073, 161)"
0,99,"(847, 0)","(1073, 161)"
0,99,"(653, 416)","(879, 577)"
0,99,"(847, 0)","(1073, 161)"
0,99,"(847, 0)","(1073, 161)"
0,99,"(847, 0)","(1073, 161)"
0,100,"(853, 0)","(1079, 161)"
0,100,"(853, 0)","(1079, 161)"
0,100,"(638, 419)","(864, 580)"
0,100,"(853, 0)","(1079, 161)"
0,100,"(853, 0)","(1079, 161)"
0,100,"(853, 0)","(1079, 161)"
0,101,"(868, 0)","(1094, 161)"
0,101,"(868, 0)","(1094, 161)"
0,101,"(654, 421)","(880, 582)"
0,101,"(868, 0)","(1094, 161)"
0,101,"(868, 0)","(1094, 161)"
0,101,"(868, 0)","(1094, 161)"
0,102,"(885, 0)","(1111, 161)"
0,102,"(885, 0)","(1111, 161)"
0,102,"(653, 421)","(879, 582)"
0,102,"(885, 0)","(1111, 161)"
0,102,"(885, 0)","(1111, 161)"
0,102,"(885, 0)","(1111, 161)"
0,103,"(898, 0)","(1124, 161)"
0,103,"(898, 0)","(1124, 161)"
0,103,"(151, 151)","(377, 312)"
0,103,"(898, 0)","(1124, 161)"
0,103,"(898, 0)","(1124, 161)"
0,103,"(898, 0)","(1124, 161)"
0,104,"(906, 0)","(1132, 161)"
0,104,"(906, 0)","(1132, 161)"
0,104,"(264, 212)","(490, 373)"
0,104,"(906, 0)","(1132, 161)"
0,104,"(906, 0)","(1132, 161)"
0,104,"(906, 0)","(1132, 161)"
0,105,"(918, 0)","(1144, 161)"
0,105,"(918, 0)","(1144, 161)"
0,105,"(304, 236)","(530, 397)"
0,105,"(918, 0)","(1144, 161)"
0,105,"(918, 0)","(1144, 161)"
0,105,"(918, 0)","(1144, 161)"
0,106,"(934, 0)","(1160, 161)"
0,106,"(934, 0)","(1160, 161)"
0,106,"(1, 93)","(227, 254)"
0,106,"(934, 0)","(1160, 161)"
0,106,"(934, 0)","(1160, 161)"
0,106,"(934, 0)","(1160, 161)"
0,107,"(952, 0)","(1180, 163)"
0,107,"(952, 0)","(1180, 163)"
0,107,"(8, 95)","(236, 258)"
0,107,"(952, 0)","(1180, 163)"
0,107,"(952, 0)","(1180, 163)"
0,107,"(952, 0)","(1180, 163)"
0,108,"(962, 0)","(1190, 163)"
0,108,"(962, 0)","(1190, 163)"
0,108,"(8, 96)","(236, 259)"
0,108,"(962, 0)","(1190, 163)"
0,108,"(962, 0)","(1190, 163)"
0,108,"(962, 0)","(1190, 163)"
0,109,"(960, 0)","(1190, 165)"
0,109,"(960, 0)","(1190, 165)"
0,109,"(6, 100)","(236, 265)"
0,109,"(960, 0)","(1190, 165)"
0,109,"(960, 0)","(1190, 165)"
0,109,"(960, 0)","(1190, 165)"
0,110,"(959, 0)","(1189, 165)"
0,110,"(959, 0)","(1189, 165)"
0,110,"(5, 100)","(235, 265)"
0,110,"(959, 0)","(1189, 165)"
0,110,"(959, 0)","(1189, 165)"
0,110,"(959, 0)","(1189, 165)"
0,111,"(963, 0)","(1195, 167)"
0,111,"(963, 0)","(1195, 167)"
0,111,"(3, 96)","(235, 263)"
0,111,"(963, 0)","(1195, 167)"
0,111,"(963, 0)","(1195, 167)"
0,111,"(963, 0)","(1195, 167)"
0,112,"(967, 0)","(1199, 167)"
0,112,"(967, 0)","(1199, 167)"
0,112,"(4, 93)","(236, 260)"
0,112,"(967, 0)","(1199, 167)"
0,112,"(967, 0)","(1199, 167)"
0,112,"(967, 0)","(1199, 167)"
0,113,"(965, 0)","(1199, 169)"
0,113,"(965, 0)","(1199, 169)"
0,113,"(1, 93)","(235, 262)"
0,113,"(965, 0)","(1199, 169)"
0,113,"(965, 0)","(1199, 169)"
0,113,"(965, 0)","(1199, 169)"
0,114,"(961, 0)","(1195, 169)"
0,114,"(961, 0)","(1195, 169)"
0,114,"(146, 164)","(380, 333)"
0,114,"(961, 0)","(1195, 169)"
0,114,"(961, 0)","(1195, 169)"
0,114,"(961, 0)","(1195, 169)"
0,115,"(965, 0)","(1199, 169)"
0,115,"(965, 0)","(1199, 169)"
0,115,"(268, 224)","(502, 393)"
0,115,"(965, 0)","(1199, 169)"
0,115,"(965, 0)","(1199, 169)"
0,115,"(965, 0)","(1199, 169)"
0,116,"(969, 0)","(1203, 169)"
0,116,"(969, 0)","(1203, 169)"
0,116,"(328, 253)","(562, 422)"
0,116,"(969, 0)","(1203, 169)"
0,116,"(969, 0)","(1203, 169)"
0,116,"(969, 0)","(1203, 169)"
0,117,"(969, 0)","(1203, 169)"
0,117,"(969, 0)","(1203, 169)"
0,117,"(328, 252)","(562, 421)"
0,117,"(969, 0)","(1203, 169)"
0,117,"(969, 0)","(1203, 169)"
0,117,"(969, 0)","(1203, 169)"
0,118,"(966, 0)","(1200, 169)"
0,118,"(966, 0)","(1200, 169)"
0,118,"(0, 94)","(234, 263)"
0,118,"(966, 0)","(1200, 169)"
0,118,"(966, 0)","(1200, 169)"
0,118,"(966, 0)","(1200, 169)"
0,119,"(659, 0)","(893, 169)"
0,119,"(659, 0)","(893, 169)"
0,119,"(0, 100)","(234, 269)"
0,119,"(659, 0)","(893, 169)"
0,119,"(659, 0)","(893, 169)"
0,119,"(659, 0)","(893, 169)"
0,120,"(653, 0)","(887, 169)"
0,120,"(653, 0)","(887, 169)"
0,120,"(0, 103)","(234, 272)"
0,120,"(653, 0)","(887, 169)"
0,120,"(653, 0)","(887, 169)"
0,120,"(653, 0)","(887, 169)"
0,121,"(653, 0)","(887, 169)"
0,121,"(653, 0)","(887, 169)"
0,121,"(0, 113)","(234, 282)"
0,121,"(653, 0)","(887, 169)"
0,121,"(653, 0)","(887, 169)"
0,121,"(653, 0)","(887, 169)"
0,122,"(667, 0)","(903, 171)"
0,122,"(667, 0)","(903, 171)"
0,122,"(0, 128)","(236, 299)"
0,122,"(667, 0)","(903, 171)"
0,122,"(667, 0)","(903, 171)"
0,122,"(667, 0)","(903, 171)"
0,123,"(661, 0)","(897, 171)"
0,123,"(661, 0)","(897, 171)"
0,123,"(101, 169)","(337, 340)"
0,123,"(661, 0)","(897, 171)"
0,123,"(661, 0)","(897, 171)"
0,123,"(661, 0)","(897, 171)"
0,124,"(666, 0)","(904, 173)"
0,124,"(666, 0)","(904, 173)"
0,124,"(0, 406)","(238, 579)"
0,124,"(666, 0)","(904, 173)"
0,124,"(666, 0)","(904, 173)"
0,124,"(666, 0)","(904, 173)"
0,125,"(670, 0)","(908, 173)"
0,125,"(670, 0)","(908, 173)"
0,125,"(27, 409)","(265, 582)"
0,125,"(670, 0)","(908, 173)"
0,125,"(670, 0)","(908, 173)"
0,125,"(670, 0)","(908, 173)"
0,126,"(673, 0)","(913, 175)"
0,126,"(673, 0)","(913, 175)"
0,126,"(0, 110)","(240, 285)"
0,126,"(673, 0)","(913, 175)"
0,126,"(673, 0)","(913, 175)"
0,126,"(673, 0)","(913, 175)"
0,127,"(673, 0)","(913, 175)"
0,127,"(673, 0)","(913, 175)"
0,127,"(21, 139)","(261, 314)"
0,127,"(673, 0)","(913, 175)"
0,127,"(673, 0)","(913, 175)"
0,127,"(673, 0)","(913, 175)"
0,128,"(672, 0)","(914, 177)"
0,128,"(672, 0)","(914, 177)"
0,128,"(125, 184)","(367, 361)"
0,128,"(672, 0)","(914, 177)"
0,128,"(672, 0)","(914, 177)"
0,128,"(672, 0)","(914, 177)"
0,129,"(675, 0)","(917, 177)"
0,129,"(675, 0)","(917, 177)"
0,129,"(208, 225)","(450, 402)"
0,129,"(675, 0)","(917, 177)"
0,129,"(675, 0)","(917, 177)"
0,129,"(675, 0)","(917, 177)"
0,130,"(680, 0)","(924, 179)"
0,130,"(680, 0)","(924, 179)"
0,130,"(301, 269)","(545, 448)"
0,130,"(680, 0)","(924, 179)"
0,130,"(680, 0)","(924, 179)"
0,130,"(680, 0)","(924, 179)"
0,131,"(419, 0)","(663, 179)"
0,131,"(419, 0)","(663, 179)"
0,131,"(344, 293)","(588, 472)"
0,131,"(419, 0)","(663, 179)"
0,131,"(419, 0)","(663, 179)"
0,131,"(419, 0)","(663, 179)"
0,132,"(435, 0)","(681, 181)"
0,132,"(435, 0)","(681, 181)"
0,132,"(428, 362)","(674, 543)"
0,132,"(435, 0)","(681, 181)"
0,132,"(435, 0)","(681, 181)"
0,132,"(435, 0)","(681, 181)"
0,133,"(452, 0)","(698, 181)"
0,133,"(452, 0)","(698, 181)"
0,133,"(497, 397)","(743, 578)"
0,133,"(452, 0)","(698, 181)"
0,133,"(452, 0)","(698, 181)"
0,133,"(452, 0)","(698, 181)"
0,134,"(471, 0)","(719, 183)"
0,134,"(471, 0)","(719, 183)"
0,134,"(0, 100)","(248, 283)"
0,134,"(471, 0)","(719, 183)"
0,134,"(471, 0)","(719, 183)"
0,134,"(471, 0)","(719, 183)"
0,135,"(484, 0)","(732, 183)"
0,135,"(484, 0)","(732, 183)"
0,135,"(45, 112)","(293, 295)"
0,135,"(484, 0)","(732, 183)"
0,135,"(484, 0)","(732, 183)"
0,135,"(484, 0)","(732, 183)"
0,136,"(523, 20)","(773, 205)"
0,136,"(523, 20)","(773, 205)"
0,136,"(0, 100)","(250, 285)"
0,136,"(523, 20)","(773, 205)"
0,136,"(523, 20)","(773, 205)"
0,136,"(523, 20)","(773, 205)"
0,137,"(563, 40)","(813, 225)"
0,137,"(563, 40)","(813, 225)"
0,137,"(71, 137)","(321, 322)"
0,137,"(563, 40)","(813, 225)"
0,137,"(563, 40)","(813, 225)"
0,137,"(563, 40)","(813, 225)"
0,138,"(602, 55)","(854, 242)"
0,138,"(602, 55)","(854, 242)"
0,138,"(162, 175)","(414, 362)"
0,138,"(602, 55)","(854, 242)"
0,138,"(602, 55)","(854, 242)"
0,138,"(602, 55)","(854, 242)"
0,139,"(642, 73)","(894, 260)"
0,139,"(642, 73)","(894, 260)"
0,139,"(246, 216)","(498, 403)"
0,139,"(642, 73)","(894, 260)"
0,139,"(642, 73)","(894, 260)"
0,139,"(642, 73)","(894, 260)"
0,140,"(682, 94)","(934, 281)"
0,140,"(682, 94)","(934, 281)"
0,140,"(334, 261)","(586, 448)"
0,140,"(682, 94)","(934, 281)"
0,140,"(682, 94)","(934, 281)"
0,140,"(682, 94)","(934, 281)"
0,141,"(723, 114)","(977, 303)"
0,141,"(723, 114)","(977, 303)"
0,141,"(337, 274)","(591, 463)"
0,141,"(723, 114)","(977, 303)"
0,141,"(723, 114)","(977, 303)"
0,141,"(723, 114)","(977, 303)"
0,142,"(763, 131)","(1017, 320)"
0,142,"(763, 131)","(1017, 320)"
0,142,"(429, 354)","(683, 543)"
0,142,"(763, 131)","(1017, 320)"
0,142,"(763, 131)","(1017, 320)"
0,142,"(763, 131)","(1017, 320)"
0,143,"(802, 148)","(1058, 339)"
0,143,"(802, 148)","(1058, 339)"
0,143,"(328, 238)","(584, 429)"
0,143,"(802, 148)","(1058, 339)"
0,143,"(802, 148)","(1058, 339)"
0,143,"(802, 148)","(1058, 339)"
0,144,"(842, 167)","(1098, 358)"
0,144,"(842, 167)","(1098, 358)"
0,144,"(0, 57)","(256, 248)"
0,144,"(842, 167)","(1098, 358)"
0,144,"(842, 167)","(1098, 358)"
0,144,"(842, 167)","(1098, 358)"
0,145,"(881, 186)","(1139, 379)"
0,145,"(881, 186)","(1139, 379)"
0,145,"(93, 115)","(351, 308)"
0,145,"(881, 186)","(1139, 379)"
0,145,"(881, 186)","(1139, 379)"
0,145,"(881, 186)","(1139, 379)"
0,146,"(922, 207)","(1180, 400)"
0,146,"(922, 207)","(1180, 400)"
0,146,"(205, 176)","(463, 369)"
0,146,"(922, 207)","(1180, 400)"
0,146,"(922, 207)","(1180, 400)"
0,146,"(922, 207)","(1180, 400)"
0,147,"(962, 224)","(1222, 419)"
0,147,"(962, 224)","(1222, 419)"
0,147,"(0, 387)","(260, 582)"
0,147,"(962, 224)","(1222, 419)"
0,147,"(962, 224)","(1222, 419)"
0,147,"(962, 224)","(1222, 419)"
0,148,"(1005, 242)","(1265, 437)"
0,148,"(1005, 242)","(1265, 437)"
0,148,"(0, 387)","(260, 582)"
0,148,"(1005, 242)","(1265, 437)"
0,148,"(1005, 242)","(1265, 437)"
0,148,"(1005, 242)","(1265, 437)"
0,149,"(1018, 253)","(1280, 450)"
0,149,"(1018, 253)","(1280, 450)"
0,149,"(157, 173)","(419, 370)"
0,149,"(1018, 253)","(1280, 450)"
0,149,"(1018, 253)","(1280, 450)"
0,149,"(1018, 253)","(1280, 450)"
0,150,"(1018, 262)","(1280, 459)"
0,150,"(1018, 262)","(1280, 459)"
0,150,"(249, 221)","(511, 418)"
0,150,"(1018, 262)","(1280, 459)"
0,150,"(1018, 262)","(1280, 459)"
0,150,"(1018, 262)","(1280, 459)"
0,151,"(1016, 270)","(1280, 469)"
0,151,"(1016, 270)","(1280, 469)"
0,151,"(321, 258)","(585, 457)"
0,151,"(1016, 270)","(1280, 469)"
0,151,"(1016, 270)","(1280, 469)"
0,151,"(1016, 270)","(1280, 469)"
0,152,"(1016, 282)","(1280, 481)"
0,152,"(1016, 282)","(1280, 481)"
0,152,"(415, 315)","(679, 514)"
0,152,"(1016, 282)","(1280, 481)"
0,152,"(1016, 282)","(1280, 481)"
0,152,"(1016, 282)","(1280, 481)"
0,153,"(599, 319)","(865, 520)"
0,153,"(599, 319)","(865, 520)"
0,153,"(0, 101)","(266, 302)"
0,153,"(599, 319)","(865, 520)"
0,153,"(599, 319)","(865, 520)"
0,153,"(599, 319)","(865, 520)"
0,154,"(416, 267)","(682, 468)"
0,154,"(416, 267)","(682, 468)"
0,154,"(46, 121)","(312, 322)"
0,154,"(416, 267)","(682, 468)"
0,154,"(416, 267)","(682, 468)"
0,154,"(416, 267)","(682, 468)"
0,155,"(137, 0)","(405, 203)"
0,155,"(137, 0)","(405, 203)"
0,155,"(192, 203)","(460, 406)"
0,155,"(192, 203)","(460, 406)"
0,155,"(137, 0)","(405, 203)"
0,155,"(137, 0)","(405, 203)"
0,156,"(596, 348)","(864, 551)"
0,156,"(596, 348)","(864, 551)"
0,156,"(245, 210)","(513, 413)"
0,156,"(596, 348)","(864, 551)"
0,156,"(596, 348)","(864, 551)"
0,156,"(596, 348)","(864, 551)"
0,157,"(333, 3)","(603, 208)"
0,157,"(333, 3)","(603, 208)"
0,157,"(315, 230)","(585, 435)"
0,157,"(315, 230)","(585, 435)"
0,157,"(1, 412)","(271, 617)"
0,157,"(1, 412)","(271, 617)"
0,158,"(400, 100)","(670, 305)"
0,158,"(400, 100)","(670, 305)"
0,158,"(130, 127)","(400, 332)"
0,158,"(400, 100)","(670, 305)"
0,158,"(400, 100)","(670, 305)"
0,158,"(400, 100)","(670, 305)"
0,159,"(614, 310)","(886, 517)"
0,159,"(614, 310)","(886, 517)"
0,159,"(301, 219)","(573, 426)"
0,159,"(614, 310)","(886, 517)"
0,159,"(614, 310)","(886, 517)"
0,159,"(614, 310)","(886, 517)"
0,160,"(588, 309)","(860, 516)"
0,160,"(588, 309)","(860, 516)"
0,160,"(207, 165)","(479, 372)"
0,160,"(588, 309)","(860, 516)"
0,160,"(588, 309)","(860, 516)"
0,160,"(588, 309)","(860, 516)"
0,161,"(600, 305)","(874, 514)"
0,161,"(600, 305)","(874, 514)"
0,161,"(302, 205)","(576, 414)"
0,161,"(600, 305)","(874, 514)"
0,161,"(600, 305)","(874, 514)"
0,161,"(600, 305)","(874, 514)"
0,162,"(586, 301)","(860, 510)"
0,162,"(586, 301)","(860, 510)"
0,162,"(310, 216)","(584, 425)"
0,162,"(586, 301)","(860, 510)"
0,162,"(586, 301)","(860, 510)"
0,162,"(586, 301)","(860, 510)"
0,163,"(585, 300)","(861, 511)"
0,163,"(585, 300)","(861, 511)"
0,163,"(306, 215)","(582, 426)"
0,163,"(585, 300)","(861, 511)"
0,163,"(861, 307)","(1137, 518)"
0,163,"(861, 307)","(1137, 518)"
0,164,"(0, 413)","(276, 624)"
0,164,"(0, 413)","(276, 624)"
0,164,"(87, 115)","(363, 326)"
0,164,"(960, 372)","(1236, 583)"
0,164,"(960, 372)","(1236, 583)"
0,164,"(960, 372)","(1236, 583)"
0,165,"(581, 298)","(859, 511)"
0,165,"(581, 298)","(859, 511)"
0,165,"(125, 124)","(403, 337)"
0,165,"(581, 298)","(859, 511)"
0,165,"(581, 298)","(859, 511)"
0,165,"(581, 298)","(859, 511)"
0,166,"(581, 295)","(859, 508)"
0,166,"(581, 295)","(859, 508)"
0,166,"(195, 155)","(473, 368)"
0,166,"(581, 295)","(859, 508)"
0,166,"(581, 295)","(859, 508)"
0,166,"(581, 295)","(859, 508)"
0,167,"(579, 292)","(859, 507)"
0,167,"(579, 292)","(859, 507)"
0,167,"(292, 200)","(572, 415)"
0,167,"(579, 292)","(859, 507)"
0,167,"(579, 292)","(859, 507)"
0,167,"(579, 292)","(859, 507)"
0,168,"(578, 292)","(858, 507)"
0,168,"(578, 292)","(858, 507)"
0,168,"(293, 203)","(573, 418)"
0,168,"(578, 292)","(858, 507)"
0,168,"(578, 292)","(858, 507)"
0,168,"(578, 292)","(858, 507)"
0,169,"(577, 289)","(859, 506)"
0,169,"(577, 289)","(859, 506)"
0,169,"(293, 202)","(575, 419)"
0,169,"(577, 289)","(859, 506)"
0,169,"(577, 289)","(859, 506)"
0,169,"(577, 289)","(859, 506)"
0,170,"(577, 285)","(859, 502)"
0,170,"(577, 285)","(859, 502)"
0,170,"(144, 125)","(426, 342)"
0,170,"(577, 285)","(859, 502)"
0,170,"(577, 285)","(859, 502)"
0,170,"(577, 285)","(859, 502)"
0,171,"(575, 281)","(859, 500)"
0,171,"(575, 281)","(859, 500)"
0,171,"(172, 123)","(456, 342)"
0,171,"(575, 281)","(859, 500)"
0,171,"(575, 281)","(859, 500)"
0,171,"(575, 281)","(859, 500)"
0,172,"(574, 280)","(858, 499)"
0,172,"(574, 280)","(858, 499)"
0,172,"(172, 123)","(456, 342)"
0,172,"(574, 280)","(858, 499)"
0,172,"(574, 280)","(858, 499)"
0,172,"(574, 280)","(858, 499)"
0,173,"(572, 278)","(858, 499)"
0,173,"(572, 278)","(858, 499)"
0,173,"(151, 123)","(437, 344)"
0,173,"(572, 278)","(858, 499)"
0,173,"(572, 278)","(858, 499)"
0,173,"(572, 278)","(858, 499)"
0,174,"(573, 277)","(859, 498)"
0,174,"(573, 277)","(859, 498)"
0,174,"(148, 123)","(434, 344)"
0,174,"(573, 277)","(859, 498)"
0,174,"(573, 277)","(859, 498)"
0,174,"(573, 277)","(859, 498)"
0,175,"(571, 272)","(859, 495)"
0,175,"(571, 272)","(859, 495)"
0,175,"(153, 123)","(441, 346)"
0,175,"(571, 272)","(859, 495)"
0,175,"(571, 272)","(859, 495)"
0,175,"(571, 272)","(859, 495)"
0,176,"(571, 268)","(859, 491)"
0,176,"(571, 268)","(859, 491)"
0,176,"(159, 123)","(447, 346)"
0,176,"(571, 268)","(859, 491)"
0,176,"(571, 268)","(859, 491)"
0,176,"(571, 268)","(859, 491)"
0,177,"(569, 267)","(859, 492)"
0,177,"(569, 267)","(859, 492)"
0,177,"(162, 123)","(452, 348)"
0,177,"(569, 267)","(859, 492)"
0,177,"(787, 3)","(1077, 228)"
0,177,"(787, 3)","(1077, 228)"
0,178,"(781, 0)","(1071, 225)"
0,178,"(781, 0)","(1071, 225)"
0,178,"(164, 123)","(454, 348)"
0,178,"(781, 0)","(1071, 225)"
0,178,"(781, 0)","(1071, 225)"
0,178,"(781, 0)","(1071, 225)"
0,179,"(788, 0)","(1080, 227)"
0,179,"(788, 0)","(1080, 227)"
0,179,"(262, 159)","(554, 386)"
0,179,"(788, 0)","(1080, 227)"
0,179,"(788, 0)","(1080, 227)"
0,179,"(788, 0)","(1080, 227)"
0,180,"(795, 0)","(1087, 227)"
0,180,"(795, 0)","(1087, 227)"
0,180,"(286, 163)","(578, 390)"
0,180,"(795, 0)","(1087, 227)"
0,180,"(795, 0)","(1087, 227)"
0,180,"(795, 0)","(1087, 227)"
0,181,"(526, 0)","(820, 229)"
0,181,"(526, 0)","(820, 229)"
0,181,"(232, 135)","(526, 364)"
0,181,"(820, 0)","(1114, 229)"
0,181,"(820, 0)","(1114, 229)"
0,181,"(820, 0)","(1114, 229)"
0,182,"(542, 0)","(836, 229)"
0,182,"(836, 0)","(1130, 229)"
0,182,"(248, 141)","(542, 370)"
0,182,"(836, 0)","(1130, 229)"
0,182,"(836, 0)","(1130, 229)"
0,182,"(836, 0)","(1130, 229)"
0,183,"(565, 0)","(861, 231)"
0,183,"(861, 0)","(1157, 231)"
0,183,"(269, 145)","(565, 376)"
0,183,"(861, 0)","(1157, 231)"
0,183,"(861, 0)","(1157, 231)"
0,183,"(861, 0)","(1157, 231)"
0,184,"(596, 0)","(892, 231)"
0,184,"(892, 0)","(1188, 231)"
0,184,"(691, 351)","(987, 582)"
0,184,"(892, 0)","(1188, 231)"
0,184,"(892, 0)","(1188, 231)"
0,184,"(892, 0)","(1188, 231)"
0,185,"(896, 0)","(1194, 233)"
0,185,"(896, 0)","(1194, 233)"
0,185,"(716, 349)","(1014, 582)"
0,185,"(896, 0)","(1194, 233)"
0,185,"(896, 0)","(1194, 233)"
0,185,"(896, 0)","(1194, 233)"
0,186,"(899, 0)","(1197, 233)"
0,186,"(899, 0)","(1197, 233)"
0,186,"(229, 120)","(527, 353)"
0,186,"(899, 0)","(1197, 233)"
0,186,"(899, 0)","(1197, 233)"
0,186,"(899, 0)","(1197, 233)"
0,187,"(904, 0)","(1204, 235)"
0,187,"(904, 0)","(1204, 235)"
0,187,"(248, 120)","(548, 355)"
0,187,"(904, 0)","(1204, 235)"
0,187,"(904, 0)","(1204, 235)"
0,187,"(904, 0)","(1204, 235)"
0,188,"(906, 0)","(1206, 235)"
0,188,"(906, 0)","(1206, 235)"
0,188,"(265, 122)","(565, 357)"
0,188,"(906, 0)","(1206, 235)"
0,188,"(906, 0)","(1206, 235)"
0,188,"(906, 0)","(1206, 235)"
0,189,"(914, 0)","(1216, 237)"
0,189,"(914, 0)","(1216, 237)"
0,189,"(266, 123)","(568, 360)"
0,189,"(914, 0)","(1216, 237)"
0,189,"(914, 0)","(1216, 237)"
0,189,"(914, 0)","(1216, 237)"
0,190,"(926, 0)","(1228, 237)"
0,190,"(926, 0)","(1228, 237)"
0,190,"(259, 120)","(561, 357)"
0,190,"(926, 0)","(1228, 237)"
0,190,"(926, 0)","(1228, 237)"
0,190,"(926, 0)","(1228, 237)"
0,191,"(930, 0)","(1234, 239)"
0,191,"(930, 0)","(1234, 239)"
0,191,"(259, 185)","(563, 424)"
0,191,"(930, 0)","(1234, 239)"
0,191,"(930, 0)","(1234, 239)"
0,191,"(930, 0)","(1234, 239)"
0,192,"(937, 0)","(1241, 239)"
0,192,"(937, 0)","(1241, 239)"
0,192,"(261, 193)","(565, 432)"
0,192,"(937, 0)","(1241, 239)"
0,192,"(937, 0)","(1241, 239)"
0,192,"(937, 0)","(1241, 239)"
0,193,"(948, 0)","(1254, 241)"
0,193,"(948, 0)","(1254, 241)"
0,193,"(264, 193)","(570, 434)"
0,193,"(948, 0)","(1254, 241)"
0,193,"(948, 0)","(1254, 241)"
0,193,"(948, 0)","(1254, 241)"
0,194,"(955, 0)","(1261, 241)"
0,194,"(955, 0)","(1261, 241)"
0,194,"(576, 341)","(882, 582)"
0,194,"(955, 0)","(1261, 241)"
0,194,"(955, 0)","(1261, 241)"
0,194,"(955, 0)","(1261, 241)"
0,195,"(960, 0)","(1268, 243)"
0,195,"(960, 0)","(1268, 243)"
0,195,"(578, 339)","(886, 582)"
0,195,"(960, 0)","(1268, 243)"
0,195,"(960, 0)","(1268, 243)"
0,195,"(960, 0)","(1268, 243)"
0,196,"(969, 0)","(1277, 243)"
0,196,"(969, 0)","(1277, 243)"
0,196,"(581, 339)","(889, 582)"
0,196,"(969, 0)","(1277, 243)"
0,196,"(969, 0)","(1277, 243)"
0,196,"(969, 0)","(1277, 243)"
0,197,"(970, 0)","(1280, 245)"
0,197,"(970, 0)","(1280, 245)"
0,197,"(592, 337)","(902, 582)"
0,197,"(970, 0)","(1280, 245)"
0,197,"(970, 0)","(1280, 245)"
0,197,"(970, 0)","(1280, 245)"
0,198,"(970, 0)","(1280, 245)"
0,198,"(970, 0)","(1280, 245)"
0,198,"(593, 337)","(903, 582)"
0,198,"(970, 0)","(1280, 245)"
0,198,"(970, 0)","(1280, 245)"
0,198,"(970, 0)","(1280, 245)"
0,199,"(968, 0)","(1280, 247)"
0,199,"(968, 0)","(1280, 247)"
0,199,"(599, 335)","(911, 582)"
0,199,"(968, 0)","(1280, 247)"
0,199,"(968, 0)","(1280, 247)"
0,199,"(968, 0)","(1280, 247)"
0,200,"(402, 0)","(714, 247)"
0,200,"(402, 0)","(714, 247)"
0,200,"(626, 335)","(938, 582)"
0,200,"(402, 0)","(714, 247)"
0,200,"(968, 0)","(1280, 247)"
0,200,"(968, 0)","(1280, 247)"
0,201,"(966, 0)","(1280, 249)"
0,201,"(966, 0)","(1280, 249)"
0,201,"(778, 333)","(1092, 582)"
0,201,"(966, 0)","(1280, 249)"
0,201,"(966, 0)","(1280, 249)"
0,201,"(966, 0)","(1280, 249)"
0,202,"(966, 0)","(1280, 249)"
0,202,"(966, 0)","(1280, 249)"
0,202,"(790, 334)","(1104, 583)"
0,202,"(966, 0)","(1280, 249)"
0,202,"(966, 0)","(1280, 249)"
0,202,"(966, 0)","(1280, 249)"
0,203,"(964, 0)","(1280, 251)"
0,203,"(964, 0)","(1280, 251)"
0,203,"(800, 331)","(1116, 582)"
0,203,"(964, 0)","(1280, 251)"
0,203,"(964, 0)","(1280, 251)"
0,203,"(964, 0)","(1280, 251)"
0,204,"(964, 0)","(1280, 251)"
0,204,"(964, 0)","(1280, 251)"
0,204,"(243, 163)","(559, 414)"
0,204,"(964, 0)","(1280, 251)"
0,204,"(964, 0)","(1280, 251)"
0,204,"(964, 0)","(1280, 251)"
0,205,"(959, 0)","(1277, 253)"
0,205,"(959, 0)","(1277, 253)"
0,205,"(242, 150)","(560, 403)"
0,205,"(959, 0)","(1277, 253)"
0,205,"(959, 0)","(1277, 253)"
0,205,"(959, 0)","(1277, 253)"
0,206,"(956, 0)","(1274, 253)"
0,206,"(956, 0)","(1274, 253)"
0,206,"(237, 150)","(555, 403)"
0,206,"(956, 0)","(1274, 253)"
0,206,"(956, 0)","(1274, 253)"
0,206,"(956, 0)","(1274, 253)"
0,207,"(956, 0)","(1276, 255)"
0,207,"(956, 0)","(1276, 255)"
0,207,"(237, 150)","(557, 405)"
0,207,"(956, 0)","(1276, 255)"
0,207,"(956, 0)","(1276, 255)"
0,207,"(956, 0)","(1276, 255)"
0,208,"(956, 0)","(1276, 255)"
0,208,"(956, 0)","(1276, 255)"
0,208,"(165, 120)","(485, 375)"
0,208,"(956, 0)","(1276, 255)"
0,208,"(956, 0)","(1276, 255)"
0,208,"(956, 0)","(1276, 255)"
0,209,"(952, 0)","(1274, 257)"
0,209,"(952, 0)","(1274, 257)"
0,209,"(229, 146)","(551, 403)"
0,209,"(952, 0)","(1274, 257)"
0,209,"(952, 0)","(1274, 257)"
0,209,"(952, 0)","(1274, 257)"
0,210,"(944, 0)","(1266, 257)"
0,210,"(944, 0)","(1266, 257)"
0,210,"(149, 120)","(471, 377)"
0,210,"(944, 0)","(1266, 257)"
0,210,"(944, 0)","(1266, 257)"
0,210,"(944, 0)","(1266, 257)"
0,211,"(942, 0)","(1266, 259)"
0,211,"(942, 0)","(1266, 259)"
0,211,"(205, 122)","(529, 381)"
0,211,"(942, 0)","(1266, 259)"
0,211,"(942, 0)","(1266, 259)"
0,211,"(942, 0)","(1266, 259)"
0,212,"(939, 0)","(1263, 259)"
0,212,"(939, 0)","(1263, 259)"
0,212,"(204, 122)","(528, 381)"
0,212,"(939, 0)","(1263, 259)"
0,212,"(939, 0)","(1263, 259)"
0,212,"(939, 0)","(1263, 259)"
0,213,"(937, 0)","(1263, 261)"
0,213,"(937, 0)","(1263, 261)"
0,213,"(212, 122)","(538, 383)"
0,213,"(937, 0)","(1263, 261)"
0,213,"(937, 0)","(1263, 261)"
0,213,"(937, 0)","(1263, 261)"
0,214,"(928, 0)","(1254, 261)"
0,214,"(928, 0)","(1254, 261)"
0,214,"(215, 123)","(541, 384)"
0,214,"(928, 0)","(1254, 261)"
0,214,"(928, 0)","(1254, 261)"
0,214,"(928, 0)","(1254, 261)"
0,215,"(919, 0)","(1247, 263)"
0,215,"(919, 0)","(1247, 263)"
0,215,"(211, 122)","(539, 385)"
0,215,"(919, 0)","(1247, 263)"
0,215,"(919, 0)","(1247, 263)"
0,215,"(919, 0)","(1247, 263)"
0,216,"(914, 0)","(1242, 263)"
0,216,"(914, 0)","(1242, 263)"
0,216,"(202, 120)","(530, 383)"
0,216,"(914, 0)","(1242, 263)"
0,216,"(914, 0)","(1242, 263)"
0,216,"(914, 0)","(1242, 263)"
0,217,"(911, 0)","(1241, 265)"
0,217,"(911, 0)","(1241, 265)"
0,217,"(196, 120)","(526, 385)"
0,217,"(911, 0)","(1241, 265)"
0,217,"(911, 0)","(1241, 265)"
0,217,"(911, 0)","(1241, 265)"
0,218,"(903, 0)","(1233, 265)"
0,218,"(903, 0)","(1233, 265)"
0,218,"(182, 120)","(512, 385)"
0,218,"(903, 0)","(1233, 265)"
0,218,"(903, 0)","(1233, 265)"
0,218,"(903, 0)","(1233, 265)"
0,219,"(893, 0)","(1225, 267)"
0,219,"(893, 0)","(1225, 267)"
0,219,"(171, 120)","(503, 387)"
0,219,"(893, 0)","(1225, 267)"
0,219,"(893, 0)","(1225, 267)"
0,219,"(893, 0)","(1225, 267)"
0,220,"(885, 0)","(1217, 267)"
0,220,"(885, 0)","(1217, 267)"
0,220,"(187, 130)","(519, 397)"
0,220,"(885, 0)","(1217, 267)"
0,220,"(885, 0)","(1217, 267)"
0,220,"(885, 0)","(1217, 267)"
0,221,"(880, 0)","(1214, 269)"
0,221,"(880, 0)","(1214, 269)"
0,221,"(184, 133)","(518, 402)"
0,221,"(880, 0)","(1214, 269)"
0,221,"(880, 0)","(1214, 269)"
0,221,"(880, 0)","(1214, 269)"
0,222,"(872, 0)","(1206, 269)"
0,222,"(872, 0)","(1206, 269)"
0,222,"(184, 138)","(518, 407)"
0,222,"(872, 0)","(1206, 269)"
0,222,"(872, 0)","(1206, 269)"
0,222,"(872, 0)","(1206, 269)"
0,223,"(862, 0)","(1198, 271)"
0,223,"(862, 0)","(1198, 271)"
0,223,"(176, 141)","(512, 412)"
0,223,"(862, 0)","(1198, 271)"
0,223,"(862, 0)","(1198, 271)"
0,223,"(862, 0)","(1198, 271)"
0,224,"(852, 0)","(1188, 271)"
0,224,"(852, 0)","(1188, 271)"
0,224,"(172, 145)","(508, 416)"
0,224,"(852, 0)","(1188, 271)"
0,224,"(852, 0)","(1188, 271)"
0,224,"(852, 0)","(1188, 271)"
0,225,"(843, 0)","(1181, 273)"
0,225,"(843, 0)","(1181, 273)"
0,225,"(39, 113)","(377, 386)"
0,225,"(843, 0)","(1181, 273)"
0,225,"(843, 0)","(1181, 273)"
0,225,"(843, 0)","(1181, 273)"
0,226,"(836, 0)","(1174, 273)"
0,226,"(836, 0)","(1174, 273)"
0,226,"(128, 120)","(466, 393)"
0,226,"(836, 0)","(1174, 273)"
0,226,"(836, 0)","(1174, 273)"
0,226,"(836, 0)","(1174, 273)"
0,227,"(828, 0)","(1166, 273)"
0,227,"(828, 0)","(1166, 273)"
0,227,"(156, 123)","(494, 396)"
0,227,"(828, 0)","(1166, 273)"
0,227,"(828, 0)","(1166, 273)"
0,227,"(828, 0)","(1166, 273)"
0,228,"(814, 0)","(1152, 273)"
0,228,"(814, 0)","(1152, 273)"
0,228,"(157, 147)","(495, 420)"
0,228,"(814, 0)","(1152, 273)"
0,228,"(814, 0)","(1152, 273)"
0,228,"(814, 0)","(1152, 273)"
0,229,"(802, 0)","(1140, 273)"
0,229,"(802, 0)","(1140, 273)"
0,229,"(156, 153)","(494, 426)"
0,229,"(802, 0)","(1140, 273)"
0,229,"(802, 0)","(1140, 273)"
0,229,"(802, 0)","(1140, 273)"
0,230,"(794, 0)","(1132, 273)"
0,230,"(794, 0)","(1132, 273)"
0,230,"(94, 120)","(432, 393)"
0,230,"(794, 0)","(1132, 273)"
0,230,"(794, 0)","(1132, 273)"
0,230,"(794, 0)","(1132, 273)"
0,231,"(786, 0)","(1124, 273)"
0,231,"(786, 0)","(1124, 273)"
0,231,"(77, 120)","(415, 393)"
0,231,"(786, 0)","(1124, 273)"
0,231,"(786, 0)","(1124, 273)"
0,231,"(786, 0)","(1124, 273)"
0,232,"(776, 0)","(1114, 273)"
0,232,"(776, 0)","(1114, 273)"
0,232,"(144, 134)","(482, 407)"
0,232,"(776, 0)","(1114, 273)"
0,232,"(776, 0)","(1114, 273)"
0,232,"(776, 0)","(1114, 273)"
0,233,"(765, 0)","(1103, 273)"
0,233,"(765, 0)","(1103, 273)"
0,233,"(94, 120)","(432, 393)"
0,233,"(765, 0)","(1103, 273)"
0,233,"(765, 0)","(1103, 273)"
0,233,"(765, 0)","(1103, 273)"
0,234,"(757, 0)","(1095, 273)"
0,234,"(757, 0)","(1095, 273)"
0,234,"(141, 146)","(479, 419)"
0,234,"(757, 0)","(1095, 273)"
0,234,"(757, 0)","(1095, 273)"
0,234,"(757, 0)","(1095, 273)"
0,235,"(751, 0)","(1089, 273)"
0,235,"(751, 0)","(1089, 273)"
0,235,"(136, 149)","(474, 422)"
0,235,"(751, 0)","(1089, 273)"
0,235,"(751, 0)","(1089, 273)"
0,235,"(751, 0)","(1089, 273)"
0,236,"(743, 0)","(1081, 273)"
0,236,"(743, 0)","(1081, 273)"
0,236,"(137, 153)","(475, 426)"
0,236,"(743, 0)","(1081, 273)"
0,236,"(743, 0)","(1081, 273)"
0,236,"(743, 0)","(1081, 273)"
0,237,"(730, 0)","(1068, 273)"
0,237,"(730, 0)","(1068, 273)"
0,237,"(132, 157)","(470, 430)"
0,237,"(730, 0)","(1068, 273)"
0,237,"(730, 0)","(1068, 273)"
0,237,"(730, 0)","(1068, 273)"
0,238,"(715, 0)","(1053, 273)"
0,238,"(715, 0)","(1053, 273)"
0,238,"(104, 148)","(442, 421)"
0,238,"(715, 0)","(1053, 273)"
0,238,"(715, 0)","(1053, 273)"
0,238,"(715, 0)","(1053, 273)"
0,239,"(707, 0)","(1045, 273)"
0,239,"(707, 0)","(1045, 273)"
0,239,"(5, 111)","(343, 384)"
0,239,"(707, 0)","(1045, 273)"
0,239,"(707, 0)","(1045, 273)"
0,239,"(707, 0)","(1045, 273)"
0,240,"(702, 0)","(1040, 273)"
0,240,"(702, 0)","(1040, 273)"
0,240,"(1, 112)","(339, 385)"
0,240,"(702, 0)","(1040, 273)"
0,240,"(702, 0)","(1040, 273)"
0,240,"(702, 0)","(1040, 273)"
0,241,"(694, 0)","(1032, 273)"
0,241,"(694, 0)","(1032, 273)"
0,241,"(48, 135)","(386, 408)"
0,241,"(694, 0)","(1032, 273)"
0,241,"(694, 0)","(1032, 273)"
0,241,"(694, 0)","(1032, 273)"
0,242,"(679, 0)","(1017, 273)"
0,242,"(679, 0)","(1017, 273)"
0,242,"(8, 123)","(346, 396)"
0,242,"(679, 0)","(1017, 273)"
0,242,"(679, 0)","(1017, 273)"
0,242,"(679, 0)","(1017, 273)"
0,243,"(671, 0)","(1009, 273)"
0,243,"(671, 0)","(1009, 273)"
0,243,"(112, 170)","(450, 443)"
0,243,"(671, 0)","(1009, 273)"
0,243,"(671, 0)","(1009, 273)"
0,243,"(671, 0)","(1009, 273)"
0,244,"(669, 0)","(1009, 275)"
0,244,"(669, 0)","(1009, 275)"
0,244,"(78, 153)","(418, 428)"
0,244,"(669, 0)","(1009, 275)"
0,244,"(669, 0)","(1009, 275)"
0,244,"(669, 0)","(1009, 275)"
0,245,"(661, 0)","(1001, 275)"
0,245,"(661, 0)","(1001, 275)"
0,245,"(0, 117)","(340, 392)"
0,245,"(661, 0)","(1001, 275)"
0,245,"(661, 0)","(1001, 275)"
0,245,"(661, 0)","(1001, 275)"
0,246,"(648, 0)","(990, 277)"
0,246,"(648, 0)","(990, 277)"
0,246,"(100, 170)","(442, 447)"
0,246,"(648, 0)","(990, 277)"
0,246,"(648, 0)","(990, 277)"
0,246,"(648, 0)","(990, 277)"
0,247,"(629, 0)","(971, 277)"
0,247,"(629, 0)","(971, 277)"
0,247,"(29, 145)","(371, 422)"
0,247,"(629, 0)","(971, 277)"
0,247,"(629, 0)","(971, 277)"
0,247,"(629, 0)","(971, 277)"
0,248,"(619, 0)","(963, 279)"
0,248,"(619, 0)","(963, 279)"
0,248,"(91, 176)","(435, 455)"
0,248,"(619, 0)","(963, 279)"
0,248,"(619, 0)","(963, 279)"
0,248,"(619, 0)","(963, 279)"
0,249,"(622, 0)","(966, 279)"
0,249,"(622, 0)","(966, 279)"
0,249,"(75, 173)","(419, 452)"
0,249,"(622, 0)","(966, 279)"
0,249,"(622, 0)","(966, 279)"
0,249,"(622, 0)","(966, 279)"
0,250,"(632, 0)","(978, 281)"
0,250,"(632, 0)","(978, 281)"
0,250,"(87, 205)","(433, 486)"
0,250,"(632, 0)","(978, 281)"
0,250,"(632, 0)","(978, 281)"
0,250,"(632, 0)","(978, 281)"
0,251,"(643, 0)","(989, 281)"
0,251,"(643, 0)","(989, 281)"
0,251,"(80, 207)","(426, 488)"
0,251,"(643, 0)","(989, 281)"
0,251,"(643, 0)","(989, 281)"
0,251,"(643, 0)","(989, 281)"
0,252,"(657, 0)","(1005, 283)"
0,252,"(657, 0)","(1005, 283)"
0,252,"(0, 111)","(348, 394)"
0,252,"(657, 0)","(1005, 283)"
0,252,"(657, 0)","(1005, 283)"
0,252,"(657, 0)","(1005, 283)"
